{
    "s3m:dm-5fc88f07-e2f2-4869-ac25-da1c68f02937": {
        "@xsi:schemaLocation": "https://www.s3model.com/ns/s3m/ https://dmgen.s3model.com/dmlib/dm-5fc88f07-e2f2-4869-ac25-da1c68f02937.xsd",
        "s3m:ms-e54e4680-5a84-4c23-a84f-34fe2ff716e2": {
            "label": "Fake System Data Model",
            "entry-language": "en-US",
            "entry-encoding": "utf-8",
            "s3m:ms-bd7326a7-b40e-4a64-8368-001b5b3e94d0": {
                "label": "Data Items",
                "s3m:ms-acb5b949-ba68-4a73-9488-33f66c7504f3": {
                    "s3m:ms-2963ca6b-864b-482e-9178-67cd4a4c2add": {
                        "label": "Sample_Number",
                        "magnitude-status": "equal",
                        "error": "0",
                        "accuracy": "0",
                        "xdcount-value": "3",
                        "xdcount-units": {
                            "label": "Sample_Number Units",
                            "xdstring-value": "Sample",
                            "xdstring-language": "en-US"
                        }
                    }
                },
                "s3m:ms-b8b7f136-33bf-4fc3-91e5-95b690930488": {
                    "s3m:ms-66e9aaaa-cdb2-4904-bca6-761aa9ee3018": {
                        "label": "Sample_type_name",
                        "xdstring-value": "Test Three",
                        "xdstring-language": "en-US"
                    }
                },
                "s3m:ms-da26df37-70ab-4cb1-baf1-a78cfe8461ea": {
                    "s3m:ms-4479639d-138a-42ff-8493-da9389995257": {
                        "label": "Blue_fob_value",
                        "magnitude-status": "equal",
                        "error": "0",
                        "accuracy": "0",
                        "xdcount-value": "102",
                        "xdcount-units": {
                            "label": "Blue_fob_value Units",
                            "xdstring-value": "Fobs",
                            "xdstring-language": "en-US"
                        }
                    }
                },
                "s3m:ms-72ba9ace-786b-468a-80f0-8786be9649d8": {
                    "s3m:ms-48e03264-d916-45ee-8099-493b4d11e57a": {
                        "label": "Yellow_button_result",
                        "magnitude-status": "equal",
                        "error": "0",
                        "accuracy": "0",
                        "xdquantity-value": "102",
                        "xdquantity-units": {
                            "label": "Yellow_button_result Units",
                            "xdstring-value": "Thingies",
                            "xdstring-language": "en-US"
                        }
                    }
                },
                "s3m:ms-86d99966-7000-4ea2-9cbf-bc6640a9d0ab": {
                    "s3m:ms-c03a6bbc-cf24-4784-bea6-72a3196fdb68": {
                        "label": "Fluxometer_Output",
                        "magnitude-status": "equal",
                        "error": "0",
                        "accuracy": "0",
                        "xdquantity-value": "102.5",
                        "xdquantity-units": {
                            "label": "Fluxometer_Output Units",
                            "xdstring-value": "Fluxes",
                            "xdstring-language": "en-US"
                        }
                    }
                },
                "s3m:ms-1e1835ac-92c6-448c-a015-8b0d8cea7055": {
                    "s3m:ms-501025bf-cca2-4f7b-9701-07901982d1ed": {
                        "label": "Join_Date",
                        "xdtemporal-date": "1975-01-11"
                    }
                }
            }
        }
    }
}